-- Molecule (30)
INSERT INTO Molecule (code_mol, Nom_scientifique, nom_commercial) VALUES
(1,'Acetaminophen','Paracetamol'),
(2,'Acetylsalicylic acid','Aspirin'),
(3,'Ibuprofen','Advil'),
(4,'Amoxicillin','Amoxil'),
(5,'Metformin','Glucophage'),
(6,'Atorvastatin','Lipitor'),
(7,'Omeprazole','Prilosec'),
(8,'Salbutamol','Ventolin'),
(9,'Insulin human','Humulin'),
(10,'Metoprolol','Lopressor'),
(11,'Lisinopril','Zestril'),
(12,'Simvastatin','Zocor'),
(13,'Levothyroxine','Synthroid'),
(14,'Amlodipine','Norvasc'),
(15,'Warfarin','Coumadin'),
(16,'Ciprofloxacin','Cipro'),
(17,'Prednisone','Deltasone'),
(18,'Diazepam','Valium'),
(19,'Fluoxetine','Prozac'),
(20,'Sildenafil citrate','Viagra'),
(21,'Clopidogrel','Plavix'),
(22,'Hydrochlorothiazide','Microzide'),
(23,'Gabapentin','Neurontin'),
(24,'Cetirizine','Zyrtec'),
(25,'Rituximab','Rituxan'),
(26,'Trastuzumab','Herceptin'),
(27,'Adalimumab','Humira'),
(28,'Bevacizumab','Avastin'),
(29,'Pembrolizumab','Keytruda'),
(30,'Nivolumab','Opdivo');
-- partenaire (30)
INSERT INTO partenaire (nom_partenaire, type_partenaire, duree_partenariat) VALUES
('Université Paris Cité','Université','5 ans'),
('Université Lyon 1','Université','4 ans'),
('INSERM','ONG','10 ans'),
('Sanofi','Entreprise','8 ans'),
('Roche','Entreprise','6 ans'),
('Pfizer','Entreprise','7 ans'),
('Novartis','Entreprise','6 ans'),
('Université Grenoble Alpes','Université','3 ans'),
('CHU Bordeaux','Université','5 ans'),
('MSF France','ONG','4 ans'),
('Institut Pasteur','ONG','12 ans'),
('Entreprise_Biotech_1','Entreprise','3 ans'),
('Entreprise_Biotech_2','Entreprise','2 ans'),
('Fondation_Cancer','ONG','5 ans'),
('Partenaire_Local_1','Autre','1 an'),
('Partenaire_Local_2','Autre','2 ans'),
('Clinique Privée A','Autre','3 ans'),
('Université Strasbourg','Université','4 ans'),
('Centre Léon Bérard','Université','5 ans'),
('Entreprise_Logistique','Entreprise','3 ans'),
('ONG_Sante_Africa','ONG','6 ans'),
('Consortium_Européen','Autre','7 ans'),
('Hôpitaux_Uni','Université','5 ans'),
('Laboratoire_Analyses','Entreprise','4 ans'),
('Association_Patients','ONG','3 ans'),
('Startup_médtech','Entreprise','2 ans'),
('Agence_Santé_Régionale','Autre','4 ans'),
('Institut_Biologie_Moléculaire','Université','6 ans'),
('Partenaire_Europe','Entreprise','5 ans'),
('Fondation_Santé','ONG','8 ans');
-- medicament (30)
INSERT INTO medicament (num_AMM, date_AMM, nom_marque, forme_galenique) VALUES
(1000,'2001-05-20','Doliprane','Comprimé'),
(1001,'1998-03-12','Aspirine UPSA','Comprimé'),
(1002,'2002-07-15','Advil','Comprimé'),
(1003,'2005-11-02','Amoxil','Capsule'),
(1004,'1995-09-10','Glucophage','Comprimé'),
(1005,'2003-01-18','Lipitor','Comprimé'),
(1006,'2004-06-25','Losec','Capsule'),
(1007,'1997-08-30','Ventolin','Inhalateur'),
(1008,'1989-02-14','Humulin','Solution injectable'),
(1009,'2000-12-01','Lopressor','Comprimé'),
(1010,'1999-04-05','Zestril','Comprimé'),
(1011,'1994-10-20','Zocor','Comprimé'),
(1012,'1988-06-08','Synthroid','Comprimé'),
(1013,'2006-02-22','Norvasc','Comprimé'),
(1014,'1996-07-07','Coumadin','Comprimé'),
(1015,'2007-09-17','Cipro','Comprimé'),
(1016,'2008-03-03','Deltasone','Comprimé'),
(1017,'1985-05-05','Valium','Comprimé'),
(1018,'1992-11-11','Prozac','Comprimé'),
(1019,'2000-02-02','Viagra','Comprimé'),
(1020,'2010-08-08','Plavix','Comprimé'),
(1021,'1993-03-03','Microzide','Comprimé'),
(1022,'2009-09-09','Neurontin','Comprimé'),
(1023,'2011-01-01','Zyrtec','Comprimé'),
(1024,'2006-06-06','Rituxan','Solution injectable'),
(1025,'2000-10-10','Herceptin','Solution injectable'),
(1026,'2003-12-12','Humira','Solution injectable'),
(1027,'2004-04-04','Avastin','Solution injectable'),
(1028,'2015-05-05','Keytruda','Solution injectable'),
(1029,'2014-09-09','Opdivo','Solution injectable');
-- lot_production (30)
INSERT INTO lot_production (num_lot, date_fabrication, date_peremption) VALUES
(2000,'2023-01-10','2024-01-10'),
(2001,'2023-02-20','2024-02-20'),
(2002,'2023-03-15','2024-03-15'),
(2003,'2023-04-01','2024-04-01'),
(2004,'2023-05-05','2024-05-05'),
(2005,'2023-06-12','2024-06-12'),
(2006,'2023-07-07','2024-07-07'),
(2007,'2023-08-18','2024-08-18'),
(2008,'2023-09-09','2024-09-09'),
(2009,'2023-10-25','2024-10-25'),
(2010,'2023-11-30','2024-11-30'),
(2011,'2023-12-15','2024-12-15'),
(2012,'2024-01-05','2025-01-05'),
(2013,'2024-02-14','2025-02-14'),
(2014,'2024-03-20','2025-03-20'),
(2015,'2024-04-22','2025-04-22'),
(2016,'2024-05-30','2025-05-30'),
(2017,'2024-06-18','2025-06-18'),
(2018,'2024-07-25','2025-07-25'),
(2019,'2024-08-08','2025-08-08'),
(2020,'2024-09-09','2025-09-09'),
(2021,'2024-10-10','2025-10-10'),
(2022,'2024-11-11','2025-11-11'),
(2023,'2024-12-12','2025-12-12'),
(2024,'2025-01-20','2026-01-20'),
(2025,'2025-02-22','2026-02-22'),
(2026,'2025-03-30','2026-03-30'),
(2027,'2025-04-15','2026-04-15'),
(2028,'2025-05-05','2026-05-05'),
(2029,'2025-06-06','2026-06-06');
-- site_fabrication (30)
INSERT INTO site_fabrication (code_site, localisation) VALUES
(3000,'Les Ulis'),
(3001,'Amilly'),
(3002,'Val-de-Reuil'),
(3003,'Riom'),
(3004,'Lyon'),
(3005,'Tours'),
(3006,'Lille'),
(3007,'Dijon'),
(3008,'Bordeaux'),
(3009,'Le Mans'),
(3010,'Rennes'),
(3011,'Strasbourg'),
(3012,'Montpellier'),
(3013,'Nice'),
(3014,'Grenoble'),
(3015,'Nantes'),
(3016,'Angers'),
(3017,'Clermont-Ferrand'),
(3018,'Caen'),
(3019,'Besançon'),
(3020,'Reims'),
(3021,'Perpignan'),
(3022,'Metz'),
(3023,'Tours Sud'),
(3024,'Le Havre'),
(3025,'Nancy'),
(3026,'Saint-Étienne'),
(3027,'Toulouse'),
(3028,'Marseille'),
(3029,'Béziers');
-- pays (30)
INSERT INTO pays (nom_pays, ventes) VALUES
('France',120000),
('Allemagne',110000),
('Royaume-Uni',95000),
('Italie',78000),
('Espagne',65000),
('Pays-Bas',34000),
('Belgique',30000),
('Suisse',42000),
('Suede',28000),
('Norvege',22000),
('Portugal',18000),
('Pologne',25000),
('Autriche',15000),
('Irlande',14000),
('Danemark',13000),
('Finlande',12000),
('Grèce',9000),
('Hongrie',8000),
('Republique Tchèque',10000),
('Roumanie',6000),
('Bulgarie',5000),
('Croatie',4000),
('Serbie',3000),
('Slovaquie',3500),
('Slovénie',2000),
('Estonie',1800),
('Lettonie',1500),
('Lituanie',1600),
('Chypre',900),
('Malte',700);
-- projet_recherche (20) réfère à Molecule.code_mol (1..20)
INSERT INTO projet_recherche (code_projet_recherche, titre_projet, responsable, code_mol) VALUES
(100,'Analgesie comparative','Pr. Dupont',1),
(101,'Anti-inflammatoire oral','Dr. Martin',3),
(102,'Résistance amoxicilline','Dr. Leroy',4),
(103,'Diabète type 2 - metformine','Pr. Moreau',5),
(104,'Statines et lipidomique','Dr. Bernard',6),
(105,'Inhibiteurs de la pompe gastrique','Dr. Petit',7),
(106,'Bronchodilatateurs inhalés','Dr. Robert',8),
(107,'Insuline moderne','Pr. Richard',9),
(108,'Beta-bloquants coronaires','Dr. Garnier',10),
(109,'IEC et néphrologie','Dr. Lambert',11),
(110,'Hypolipémiants alternatifs','Dr. Faure',12),
(111,'Thyroxine et métabolisme','Dr. Olivier',13),
(112,'Hypertension et amlodipine','Dr. Noël',14),
(113,'Anticoagulation orale','Dr. Simon',15),
(114,'Fluoroquinolones usage','Dr. Perrin',16),
(115,'Corticostéroïdes systémiques','Dr. Duchêne',17),
(116,'Benzodiazépines et sevrage','Dr. Collin',18),
(117,'Antidépresseurs SSRI','Dr. Dubreuil',19),
(118,'Phosphodiestérase type 5','Dr. Granger',20),
(119,'Anti-agrégants plaquettaires','Dr. Pelletier',21),
(120,'Diurétiques thiazidiques','Dr. Brousse',22);
-- Employe (20) auto-référence Matricule_supervise (NULL ou référence antérieure)
INSERT INTO Employe (Matricule, nom_emp, prenom_emp, fonction_emp, service_emp, Matricule_supervise) VALUES
(4000,'Dupont','Alain','Directeur R&D','R&D',null),
(4001,'Martin','Sophie','Responsable','R&D',4000),
(4002,'Bernard','Pierre','Chef de projet','R&D',4001),
(4003,'Leroy','Claire','Chercheuse','R&D',4002),
(4004,'Moreau','Thomas','Technicien','Laboratoire',4003),
(4005,'Petit','Lucie','Biostatisticien','R&D',4002),
(4006,'Roux','Marc','Pharmacovigilance','Regulatory',4000),
(4007,'Fournier','Emma','Quality Assurance','Qualité',4006),
(4008,'Garnier','Nicolas','Ingénieur production','Production',4002),
(4009,'Chevalier','Julie','Logistique','SupplyChain',4001),
(4010,'Leclerc','Alexandre','Ingénieur process','Production',4008),
(4011,'Fontaine','Aline','Responsable essais','Clinical',4001),
(4012,'Perrin','Olivier','Data Manager','Clinical',4011),
(4013,'Leroy','Isabelle','Technicienne','Laboratoire',4004),
(4014,'Henry','Paul','Regulatory Affairs','Regulatory',4006),
(4015,'Noel','Nadia','Assistante','Administration',4000),
(4016,'Vidal','Olivier','Scientifique','R&D',4002),
(4017,'Barbier','Claire','Chargée partenariats','Partenariats',4000),
(4018,'Martinez','Sébastien','Contrôle qualité','Qualité',4007),
(4019,'Gautier','Marine','Ingénieur clinique','Clinical',4011);
-- chercheur (20) réfère à projet_recherche (100..119)
INSERT INTO chercheur (id_chercheur, nom_chercheur, prenom_chercheur, code_projet_recherche) VALUES
(500,'Dubois','Anne',100),
(501,'Renaud','Benoit',101),
(502,'Giraud','Caroline',102),
(503,'Lucas','David',103),
(504,'Maillard','Elisa',104),
(505,'Perrot','François',105),
(506,'Baron','Gilles',106),
(507,'Mallet','Hélène',107),
(508,'Colin','Ismaël',108),
(509,'Brun','Julie',109),
(510,'Gerard','Kevin',110),
(511,'Marchal','Laure',111),
(512,'Fabre','Matthieu',112),
(513,'Noël','Nora',113),
(514,'Rousseau','Olivier',114),
(515,'Pichon','Paul',115),
(516,'Lemoine','Quentin',116),
(517,'Blanc','Romain',117),
(518,'Gomez','Sandrine',118),
(519,'Martins','Tomas',119);
-- essai_clinique (20) réfère à projet_recherche
INSERT INTO essai_clinique (code_essai, phase_clinique, date_debut, date_fin, code_projet_recherche) VALUES
(5000,1,'2021-01-10','2021-06-10',100),
(5001,2,'2021-03-01','2021-09-01',101),
(5002,3,'2021-04-15','2021-10-15',102),
(5003,1,'2021-05-01','2021-11-01',103),
(5004,2,'2021-06-10','2021-12-10',104),
(5005,3,'2021-07-20','2022-01-20',105),
(5006,4,'2021-08-05','2022-02-05',106),
(5007,2,'2021-09-10','2022-03-10',107),
(5008,1,'2021-10-15','2022-04-15',108),
(5009,3,'2021-11-20','2022-05-20',109),
(5010,2,'2021-12-01','2022-06-01',110),
(5011,1,'2022-01-05','2022-07-05',111),
(5012,4,'2022-02-10','2022-08-10',112),
(5013,2,'2022-03-15','2022-09-15',113),
(5014,3,'2022-04-20','2022-10-20',114),
(5015,1,'2022-05-25','2022-11-25',115),
(5016,2,'2022-06-30','2022-12-30',116),
(5017,3,'2022-08-01','2023-02-01',117),
(5018,4,'2022-09-05','2023-03-05',118),
(5019,1,'2022-10-10','2023-04-10',119);
-- patient (20) réfère à essai_clinique.code_essai
INSERT INTO patient (id_patient, date_naissance, sexe, nom_patient, prenom_patient, code_essai) VALUES
(6000,'1978-02-14','M','Martin','Jean',5000),
(6001,'1985-07-21','F','Leroy','Sophie',5001),
(6002,'1990-11-03','M','Moreau','Antoine',5002),
(6003,'1969-04-30','F','Dupont','Claire',5003),
(6004,'1975-12-12','M','Bertrand','Luc',5004),
(6005,'1982-09-09','F','Gauthier','Julie',5005),
(6006,'1995-05-05','O','Roche','Alex',5006),
(6007,'1970-03-18','M','Lemoine','Marc',5007),
(6008,'1988-08-08','F','Girard','Marie',5008),
(6009,'1992-01-22','M','Petit','Nicolas',5009),
(6010,'1965-06-06','F','Henry','Sabrina',5010),
(6011,'1980-10-10','M','Fontaine','Olivier',5011),
(6012,'1998-12-12','F','Mercier','Ana',5012),
(6013,'1977-09-09','M','Paul','Henri',5013),
(6014,'1983-03-03','F','Noel','Elodie',5014),
(6015,'1991-04-04','M','Perrin','Thibault',5015),
(6016,'1968-07-07','F','Benoit','Caroline',5016),
(6017,'2000-02-02','M','Lacroix','Romain',5017),
(6018,'1996-05-15','F','Barbier','Ines',5018),
(6019,'1987-11-11','O','Collet','Alexis',5019);
-- medecin_investigateur (20) réfère à patient.id_patient
INSERT INTO medecin_investigateur (id_medecin, nom_medecin, centre_hospitalier, id_patient) VALUES
(7000,'Dr. Legrand','CHU Paris',6000),
(7001,'Dr. Rousseau','CH Lyon',6001),
(7002,'Dr. Marchand','CH Marseille',6002),
(7003,'Dr. Pelletier','CH Toulouse',6003),
(7004,'Dr. Morel','CH Bordeaux',6004),
(7005,'Dr. Faure','CH Lille',6005),
(7006,'Dr. Guillet','CH Nice',6006),
(7007,'Dr. Guerin','CH Nantes',6007),
(7008,'Dr. Bernard','CH Strasbourg',6008),
(7009,'Dr. Clement','CH Le Mans',6009),
(7010,'Dr. Lambert','CH Rennes',6010),
(7011,'Dr. Simon','CH Montpellier',6011),
(7012,'Dr. Olivier','CH Grenoble',6012),
(7013,'Dr. Dubois','CH Angers',6013),
(7014,'Dr. Noel','CH Besançon',6014),
(7015,'Dr. Denis','CH Reims',6015),
(7016,'Dr. Girard','CH Perpignan',6016),
(7017,'Dr. Besson','CH Metz',6017),
(7018,'Dr. Arnaud','CH Nancy',6018),
(7019,'Dr. Clemente','CH Tours',6019);
-- rapport_scientifique (20) réfère à essai_clinique.code_essai
INSERT INTO rapport_scientifique (code_rapport_scient, date_rapport_scient, resultats_essai, code_essai) VALUES
(8000,'2021-07-15','Amélioration',5000),
(8001,'2021-10-01','Sans effet',5001),
(8002,'2021-11-20','Efficace',5002),
(8003,'2021-12-30','Effets secondaires',5003),
(8004,'2022-01-25','Efficace',5004),
(8005,'2022-03-18','Amélioration',5005),
(8006,'2022-05-10','Efficace',5006),
(8007,'2022-07-01','Neutre',5007),
(8008,'2022-08-20','Efficace',5008),
(8009,'2022-10-05','Amélioration',5009),
(8010,'2022-11-11','Efficace',5010),
(8011,'2023-01-15','Neutre',5011),
(8012,'2023-03-10','Amélioration',5012),
(8013,'2023-05-05','Efficace',5013),
(8014,'2023-06-20','Amélioration',5014),
(8015,'2023-08-01','Effets secondaires',5015),
(8016,'2023-09-12','Efficace',5016),
(8017,'2023-11-01','Neutre',5017),
(8018,'2024-01-20','Efficace',5018),
(8019,'2024-03-10','Amélioration',5019);
-- investissement_R_D (20) réfère à projet_recherche
INSERT INTO investissement_R_D (code_projet_recherche, code_projet_R_D, budget_alloué, budget_consommé) VALUES
(100,'RD100','1000000.00','250000.00'),
(101,'RD101','800000.00','300000.00'),
(102,'RD102','600000.00','150000.00'),
(103,'RD103','450000.00','100000.00'),
(104,'RD104','750000.00','400000.00'),
(105,'RD105','500000.00','120000.00'),
(106,'RD106','900000.00','450000.00'),
(107,'RD107','300000.00','90000.00'),
(108,'RD108','550000.00','200000.00'),
(109,'RD109','1200000.00','600000.00'),
(110,'RD110','400000.00','150000.00'),
(111,'RD111','350000.00','100000.00'),
(112,'RD112','650000.00','325000.00'),
(113,'RD113','700000.00','350000.00'),
(114,'RD114','500000.00','200000.00'),
(115,'RD115','250000.00','50000.00'),
(116,'RD116','950000.00','400000.00'),
(117,'RD117','1100000.00','550000.00'),
(118,'RD118','200000.00','80000.00'),
(119,'RD119','300000.00','150000.00');
-- rapport_reglementaire (20) réfère à medicament.num_AMM (1000..1019)
INSERT INTO rapport_réglementaire (num_AMM, code_rapport_regle, date_rapport_regle) VALUES
(1000,9000,'2002-01-10'),
(1001,9001,'1999-04-04'),
(1002,9002,'2003-08-01'),
(1003,9003,'2006-01-20'),
(1004,9004,'1996-10-01'),
(1005,9005,'2004-02-15'),
(1006,9006,'2005-07-01'),
(1007,9007,'1998-09-12'),
(1008,9008,'1990-03-05'),
(1009,9009,'2001-12-12'),
(1010,9010,'2000-06-06'),
(1011,9011,'1995-11-11'),
(1012,9012,'1989-08-08'),
(1013,9013,'2007-03-03'),
(1014,9014,'1997-07-07'),
(1015,9015,'2008-10-10'),
(1016,9016,'2009-04-04'),
(1017,9017,'1986-05-05'),
(1018,9018,'1993-12-12'),
(1019,9019,'2001-02-02');
-- brevet (20) réfère à medicament.num_AMM et Molecule.code_mol
INSERT INTO brevet (num_brevet, date_de_depot, date_dexpiration, num_AMM, code_mol) VALUES
(10000,'2000-01-01','2020-01-01',1000,1),
(10001,'1997-05-05','2017-05-05',1001,2),
(10002,'2002-07-07','2022-07-07',1002,3),
(10003,'2004-11-11','2024-11-11',1003,4),
(10004,'1995-09-09','2015-09-09',1004,5),
(10005,'2003-01-01','2023-01-01',1005,6),
(10006,'2004-06-06','2024-06-06',1006,7),
(10007,'1998-08-08','2018-08-08',1007,8),
(10008,'1989-02-02','2009-02-02',1008,9),
(10009,'2000-12-12','2020-12-12',1009,10),
(10010,'1999-04-04','2019-04-04',1010,11),
(10011,'1994-10-10','2014-10-10',1011,12),
(10012,'1988-06-06','2008-06-06',1012,13),
(10013,'2006-02-02','2026-02-02',1013,14),
(10014,'1996-07-07','2016-07-07',1014,15),
(10015,'2007-09-09','2027-09-09',1015,16),
(10016,'2008-03-03','2028-03-03',1016,17),
(10017,'1985-05-05','2005-05-05',1017,18),
(10018,'1992-11-11','2012-11-11',1018,19),
(10019,'2000-02-02','2020-02-02',1019,20);
-- collaborer (20) réfère à Employe.Matricule, projet_recherche.code_projet_recherche, partenaire.nom_partenaire
INSERT INTO collaborer (Matricule, code_projet_recherche, nom_partenaire) VALUES
(4000,100,'Institut Pasteur'),
(4001,101,'Sanofi'),
(4002,102,'Université Paris Cité'),
(4003,103,'Université Lyon 1'),
(4004,104,'CHU Bordeaux'),
(4005,105,'Pfizer'),
(4006,106,'Roche'),
(4007,107,'Novartis'),
(4008,108,'MSF France'),
(4009,109,'Entreprise_Biotech_1'),
(4010,110,'Fondation_Cancer'),
(4011,111,'Université Grenoble Alpes'),
(4012,112,'Entreprise_Biotech_2'),
(4013,113,'Clinique Privée A'),
(4014,114,'Association_Patients'),
(4015,115,'Startup_médtech'),
(4016,116,'Consortium_Européen'),
(4017,117,'Hôpitaux_Uni'),
(4018,118,'Laboratoire_Analyses'),
(4019,119,'Fondation_Santé');
-- production (20) réfère à medicament.num_AMM, lot_production.num_lot, site_fabrication.code_site
INSERT INTO production (num_AMM, num_lot, code_site) VALUES
(1000,2000,3000),
(1001,2001,3001),
(1002,2002,3002),
(1003,2003,3003),
(1004,2004,3004),
(1005,2005,3005),
(1006,2006,3006),
(1007,2007,3007),
(1008,2008,3008),
(1009,2009,3009),
(1010,2010,3010),
(1011,2011,3011),
(1012,2012,3012),
(1013,2013,3013),
(1014,2014,3014),
(1015,2015,3015),
(1016,2016,3016),
(1017,2017,3017),
(1018,2018,3018),
(1019,2019,3019);
-- production (20) réfère à medicament.num_AMM, lot_production.num_lot, site_fabrication.code_site
